{
  "0": {
    "precision": 0.9583333333333334,
    "recall": 0.9583333333333334,
    "f1-score": 0.9583333333333334,
    "support": 24.0
  },
  "1": {
    "precision": 0.8095238095238095,
    "recall": 0.9444444444444444,
    "f1-score": 0.8717948717948718,
    "support": 18.0
  },
  "2": {
    "precision": 0.8125,
    "recall": 0.7222222222222222,
    "f1-score": 0.7647058823529411,
    "support": 18.0
  },
  "3": {
    "precision": 0.8571428571428571,
    "recall": 0.782608695652174,
    "f1-score": 0.8181818181818182,
    "support": 23.0
  },
  "4": {
    "precision": 0.8823529411764706,
    "recall": 0.8333333333333334,
    "f1-score": 0.8571428571428571,
    "support": 18.0
  },
  "5": {
    "precision": 0.875,
    "recall": 0.7777777777777778,
    "f1-score": 0.8235294117647058,
    "support": 18.0
  },
  "6": {
    "precision": 0.8181818181818182,
    "recall": 1.0,
    "f1-score": 0.9,
    "support": 18.0
  },
  "7": {
    "precision": 0.96,
    "recall": 0.96,
    "f1-score": 0.96,
    "support": 25.0
  },
  "8": {
    "precision": 0.875,
    "recall": 0.875,
    "f1-score": 0.875,
    "support": 16.0
  },
  "9": {
    "precision": 0.8181818181818182,
    "recall": 0.8181818181818182,
    "f1-score": 0.8181818181818182,
    "support": 22.0
  },
  "accuracy": 0.87,
  "macro avg": {
    "precision": 0.8666216577540107,
    "recall": 0.8671901624945104,
    "f1-score": 0.8646869992752345,
    "support": 200.0
  },
  "weighted avg": {
    "precision": 0.8713516997708175,
    "recall": 0.87,
    "f1-score": 0.8686364811658929,
    "support": 200.0
  }
}